t_stamp,temp
2018-11-30 22:21:29,6.1
2018-11-30 22:21:39,6.1
2018-11-30 22:21:49,6.1
2018-11-30 22:21:59,6.1
2018-11-30 22:22:09,6.1
2018-11-30 22:22:19,6.1
2018-11-30 22:22:29,6.1
2018-11-30 22:22:39,6.1
2018-11-30 22:22:49,6.1
2018-11-30 22:22:59,5.7
2018-11-30 22:23:09,5.7
2018-11-30 22:23:19,5.7
2018-11-30 22:23:29,5.7
2018-11-30 22:23:39,5.7
2018-11-30 22:23:49,5.7
2018-11-30 22:23:59,5.7
2018-11-30 22:24:09,5.7
2018-11-30 22:24:19,5.7
2018-11-30 22:24:29,5.7
2018-11-30 22:24:39,5.7
2018-11-30 22:24:49,5.7
2018-11-30 22:24:59,5.7
2018-11-30 22:25:09,5.7
2018-11-30 22:25:19,5.7
2018-11-30 22:25:29,5.7
2018-11-30 22:25:39,5.7
2018-11-30 22:25:49,5.7
2018-11-30 22:25:59,5.7
2018-11-30 22:26:09,5.7
2018-11-30 22:26:19,5.7
2018-11-30 22:26:30,5.7
2018-11-30 22:26:40,5.7
2018-11-30 22:26:50,5.7
2018-11-30 22:27:00,5.7
2018-11-30 22:27:10,5.7
2018-11-30 22:27:20,5.7
2018-11-30 22:27:30,5.6
2018-11-30 22:27:40,5.6
2018-11-30 22:27:50,5.6
2018-11-30 22:28:00,5.6
2018-11-30 22:28:10,5.6
2018-11-30 22:28:20,5.6
2018-12-01 11:47:24,5.6
2018-12-01 11:47:34,5.6
2018-12-01 11:47:44,5.6
2018-12-01 11:47:54,5.6
2018-12-01 11:48:04,5.6
2018-12-01 11:48:14,5.6
2018-12-01 11:48:24,5.6
2018-12-01 11:48:34,5.6
2018-12-01 11:48:44,5.6
2018-12-01 11:48:54,5.6
2018-12-01 11:49:04,5.6
2018-12-01 11:49:14,5.6
2018-12-01 11:49:24,5.6
2018-12-01 11:49:34,5.6
2018-12-01 11:49:44,5.6
2018-12-01 11:49:54,5.6
2018-12-01 11:50:04,5.6
2018-12-01 11:50:14,5.6
2018-12-01 11:50:24,10.2
2018-12-01 11:50:34,10.2
2018-12-01 11:50:44,10.2
2018-12-01 11:50:54,10.2
2018-12-01 11:51:05,10.2
2018-12-01 11:51:15,10.2
2018-12-01 11:51:25,10.2
2018-12-01 11:51:35,10.2
2018-12-01 11:51:45,10.2
2018-12-01 11:51:55,10.2
2018-12-01 11:52:05,10.2
2018-12-01 11:52:15,10.2
2018-12-01 11:52:25,10.2
2018-12-01 11:52:35,10.2
2018-12-01 11:52:45,10.2
2018-12-01 11:52:55,10.2
2018-12-01 11:53:05,10.2
2018-12-01 11:53:15,10.2
2018-12-01 11:53:25,10.2
2018-12-01 11:53:35,10.2
2018-12-01 11:53:45,10.2
2018-12-01 11:53:55,10.2
2018-12-01 11:54:05,10.2
2018-12-01 11:54:15,10.2
2018-12-01 11:54:25,10.2
2018-12-01 11:54:35,10.2
2018-12-01 11:54:45,10.2
2018-12-01 11:54:55,10.2
2018-12-01 11:55:05,10.2
2018-12-01 11:55:15,10.2
2018-12-01 11:55:25,10.2
2018-12-01 11:55:35,10.2
2018-12-01 11:55:45,10.2
2018-12-01 11:55:55,10.2
2018-12-01 11:56:05,10.2
2018-12-01 11:56:15,10.2
2018-12-01 11:56:25,10.2
2018-12-01 11:56:35,10.2
2018-12-01 11:56:45,10.2
2018-12-01 11:56:55,10.2
2018-12-01 11:57:05,10.2
2018-12-01 11:57:15,10.2
2018-12-01 11:57:25,10.2
2018-12-01 11:57:35,10.2
2018-12-01 11:57:45,10.2
2018-12-01 11:57:55,10.2
2018-12-01 11:58:05,10.2
2018-12-01 11:58:15,10.2
2018-12-01 11:58:25,10.2
2018-12-01 11:58:35,10.2
2018-12-01 11:58:45,10.2
2018-12-01 11:58:55,10.2
2018-12-01 11:59:05,10.2
2018-12-01 11:59:15,10.2
2018-12-01 11:59:25,10.2
2018-12-01 11:59:35,10.2
2018-12-01 11:59:45,10.2
2018-12-01 11:59:55,10.2
2018-12-01 12:00:05,10.2
2018-12-01 12:00:15,10.2
2018-12-01 12:00:25,10.2
2018-12-01 12:00:35,10.2
2018-12-01 12:00:45,10.2
2018-12-01 12:00:55,10.2
2018-12-01 12:01:05,10.2
2018-12-01 12:01:15,10.2
2018-12-01 12:01:25,10.2
2018-12-01 12:01:35,10.2
2018-12-01 12:01:45,10.2
2018-12-01 12:01:55,10.2
2018-12-01 12:02:05,10.2
2018-12-01 12:02:15,10.2
2018-12-01 12:02:25,10.2
2018-12-01 12:02:35,10.2
2018-12-01 12:02:45,10.2
2018-12-01 12:02:55,10.2
2018-12-01 12:03:05,10.2
2018-12-01 12:03:15,10.2
2018-12-01 12:03:25,10.2
2018-12-01 12:03:35,10.2
2018-12-01 12:03:45,10.2
2018-12-01 12:03:55,10.2
2018-12-01 12:04:05,10.2
2018-12-01 12:04:15,10.2
2018-12-01 12:04:25,10.2
2018-12-01 12:04:35,10.2
2018-12-01 12:04:45,10.2
2018-12-01 12:04:55,10.2
2018-12-01 12:05:05,10.2
2018-12-01 12:05:15,10.2
2018-12-01 12:05:25,10.2
2018-12-01 12:05:35,10.2
2018-12-01 12:05:45,10.2
2018-12-01 12:05:55,10.2
2018-12-01 12:06:05,10.2
2018-12-01 12:06:15,10.2
2018-12-01 12:06:25,10.2
2018-12-01 12:06:35,10.2
2018-12-01 12:06:45,10.2
2018-12-01 12:06:55,10.2
2018-12-01 12:07:05,10.2
2018-12-01 12:07:15,10.2
2018-12-01 12:07:25,10.2
2018-12-01 12:07:35,10.2
2018-12-01 12:07:45,10.2
2018-12-01 12:07:55,10.2
2018-12-01 12:08:05,10.2
2018-12-01 12:08:15,10.2
2018-12-01 12:08:25,10.2
2018-12-01 12:08:35,10.2
2018-12-01 12:08:45,10.2
2018-12-01 12:08:55,10.2
2018-12-01 12:09:05,10.2
2018-12-01 12:09:15,10.2
2018-12-01 12:09:25,10.2
2018-12-01 12:09:36,10.2
2018-12-01 12:09:46,10.2
2018-12-01 12:09:56,10.2
2018-12-01 12:10:06,10.2
2018-12-01 12:10:16,10.2
2018-12-01 12:10:26,10.2
2018-12-01 12:10:36,10.2
2018-12-01 12:10:46,10.2
2018-12-01 12:10:56,10.2
2018-12-01 12:11:06,10.2
2018-12-01 12:11:16,10.2
2018-12-01 12:11:26,10.2
2018-12-01 12:11:36,10.2
2018-12-01 12:11:46,10.2
2018-12-01 12:11:56,10.2
2018-12-01 12:12:06,10.2
2018-12-01 12:12:16,10.2
2018-12-01 12:12:26,10.2
2018-12-01 12:12:36,10.2
2018-12-01 12:12:46,10.2
2018-12-01 12:12:56,10.7
2018-12-01 12:13:06,10.7
2018-12-01 12:13:16,10.7
2018-12-01 12:13:26,10.7
2018-12-01 12:13:36,10.7
2018-12-01 12:13:46,10.7
2018-12-01 12:13:56,10.7
2018-12-01 12:14:06,10.7
2018-12-01 12:14:16,10.7
2018-12-01 12:14:26,10.7
2018-12-01 12:14:36,10.7
2018-12-01 12:14:46,10.7
2018-12-01 12:14:56,10.7
2018-12-01 12:15:06,10.7
2018-12-01 12:15:16,10.7
2018-12-01 12:15:26,10.7
2018-12-01 12:15:36,10.7
2018-12-01 12:15:46,10.7
2018-12-01 12:15:56,10.8
2018-12-01 12:16:06,10.8
2018-12-01 12:16:16,10.8
2018-12-01 12:16:26,10.8
2018-12-01 12:16:36,10.8
2018-12-01 12:16:46,10.8
2018-12-01 12:16:56,10.8
2018-12-01 12:17:06,10.8
2018-12-01 12:17:16,10.8
2018-12-01 12:17:26,10.8
2018-12-01 12:17:36,10.8
2018-12-01 12:17:46,10.8
2018-12-01 12:17:56,10.8
2018-12-01 12:18:06,10.8
2018-12-01 12:18:16,10.8
2018-12-01 12:18:26,10.8
2018-12-01 12:18:36,10.8
2018-12-01 12:18:46,10.8
2018-12-01 12:18:56,10.8
2018-12-01 12:19:06,10.8
2018-12-01 12:19:16,10.8
2018-12-01 12:19:26,10.8
2018-12-01 12:19:36,10.8
2018-12-01 12:19:46,10.8
2018-12-01 12:19:56,10.8
2018-12-01 12:20:06,10.8
2018-12-01 12:20:16,10.8
2018-12-01 12:20:26,10.8
2018-12-01 12:20:36,10.8
2018-12-01 12:20:46,10.8
2018-12-01 12:20:56,10.8
2018-12-01 12:21:06,10.8
2018-12-01 12:21:16,10.8
2018-12-01 12:21:26,10.8
2018-12-01 12:21:36,10.8
2018-12-01 12:21:46,10.8
2018-12-01 12:21:56,10.8
2018-12-01 12:22:06,10.8
2018-12-01 12:22:16,10.8
2018-12-01 12:22:26,10.8
2018-12-01 12:22:36,10.8
2018-12-01 12:22:46,10.8
2018-12-01 12:22:56,10.8
2018-12-01 12:23:06,10.8
2018-12-01 12:23:16,10.8
2018-12-01 12:23:26,10.8
2018-12-01 12:23:36,10.8
2018-12-01 12:23:46,10.8
2018-12-01 12:23:56,10.8
2018-12-01 12:24:06,10.8
2018-12-01 12:24:16,10.8
2018-12-01 12:24:26,10.8
2018-12-01 12:24:36,10.8
2018-12-01 12:24:46,10.8
2018-12-01 12:24:56,10.8
2018-12-01 12:25:06,10.8
2018-12-01 12:25:16,10.8
2018-12-01 12:25:26,10.8
2018-12-01 12:25:36,10.8
2018-12-01 12:25:46,10.8
2018-12-01 12:25:56,10.8
2018-12-01 12:26:06,10.8
2018-12-01 12:26:16,10.8
2018-12-01 12:26:26,10.8
2018-12-01 12:26:36,10.8
2018-12-01 12:26:46,10.8
2018-12-01 12:26:56,10.8
2018-12-01 12:27:06,10.8
2018-12-01 12:27:16,10.8
2018-12-01 12:27:26,10.8
2018-12-01 12:27:36,10.8
2018-12-01 12:27:46,10.8
2018-12-01 12:27:56,10.8
2018-12-01 12:28:06,10.8
2018-12-01 12:28:16,10.8
2018-12-01 12:28:26,10.8
2018-12-01 12:28:36,10.8
2018-12-01 12:28:46,10.8
2018-12-01 12:28:56,10.8
2018-12-01 12:29:06,10.8
2018-12-01 12:29:17,10.8
2018-12-01 12:29:27,10.8
2018-12-01 12:29:37,10.8
2018-12-01 12:29:47,10.8
2018-12-01 12:29:57,10.8
2018-12-01 12:30:07,10.8
2018-12-01 12:30:17,10.8
2018-12-01 12:30:27,10.8
2018-12-01 12:30:37,10.8
2018-12-01 12:30:47,10.8
2018-12-01 12:30:57,10.8
2018-12-01 12:31:07,10.8
2018-12-01 12:31:17,10.8
2018-12-01 12:31:27,10.8
2018-12-01 12:31:37,10.8
2018-12-01 12:31:47,10.8
2018-12-01 12:31:57,10.8
2018-12-01 12:32:07,10.8
2018-12-01 12:32:17,10.8
2018-12-01 12:32:27,10.8
2018-12-01 12:32:37,10.8
2018-12-01 12:32:47,10.8
2018-12-01 12:32:57,10.8
2018-12-01 12:33:07,10.8
2018-12-01 12:33:17,10.8
2018-12-01 12:33:27,10.8
2018-12-01 12:33:37,10.8
2018-12-01 12:33:47,10.8
2018-12-01 12:33:57,10.8
2018-12-01 12:34:07,10.8
2018-12-01 12:34:17,10.8
2018-12-01 12:34:27,10.8
2018-12-01 12:34:37,10.8
2018-12-01 12:34:47,10.8
2018-12-01 12:34:57,10.8
2018-12-01 12:35:07,10.8
2018-12-01 12:35:17,10.8
2018-12-01 12:35:27,10.8
2018-12-01 12:35:37,10.8
2018-12-01 12:35:47,10.8
2018-12-01 12:35:57,10.8
2018-12-01 12:36:07,10.8
2018-12-01 12:36:17,10.8
2018-12-01 12:36:27,10.8
2018-12-01 12:36:37,10.8
2018-12-01 12:36:47,10.8
2018-12-01 12:36:57,10.8
2018-12-01 12:37:07,10.8
2018-12-01 12:37:17,10.8
2018-12-01 12:37:27,10.8
2018-12-01 12:37:37,10.8
2018-12-01 12:37:47,10.8
2018-12-01 12:37:57,10.8
2018-12-01 12:38:07,10.8
2018-12-01 12:38:17,10.8
2018-12-01 12:38:27,10.8
2018-12-01 12:38:37,10.8
2018-12-01 12:38:47,10.8
2018-12-01 12:38:57,10.8
2018-12-01 12:39:07,10.8
2018-12-01 12:39:17,10.8
2018-12-01 12:39:27,10.8
2018-12-01 12:39:37,10.8
2018-12-01 12:39:47,10.8
2018-12-01 12:39:57,10.8
2018-12-01 12:40:07,10.8
2018-12-01 12:40:17,10.8
2018-12-01 12:40:27,10.8
2018-12-01 12:40:37,10.8
2018-12-01 12:40:47,10.8
2018-12-01 12:40:57,10.8
2018-12-01 12:41:07,10.8
2018-12-01 12:41:17,10.8
2018-12-01 12:41:27,10.8
2018-12-01 12:41:37,10.8
2018-12-01 12:41:47,10.8
2018-12-01 12:41:57,10.8
2018-12-01 12:42:07,10.8
2018-12-01 12:42:17,10.8
2018-12-01 12:42:27,10.8
2018-12-01 12:42:37,10.8
2018-12-01 12:42:47,10.8
2018-12-01 12:42:57,10.8
2018-12-01 12:43:07,10.8
2018-12-01 12:43:17,10.8
2018-12-01 12:43:27,10.8
2018-12-01 12:43:37,10.8
2018-12-01 12:43:47,10.8
2018-12-01 12:43:57,10.8
2018-12-01 12:44:07,10.8
2018-12-01 12:44:17,10.8
2018-12-01 12:44:27,10.8
2018-12-01 12:44:37,10.8
2018-12-01 12:44:47,10.8
2018-12-01 12:44:57,10.8
2018-12-01 12:45:07,10.8
2018-12-01 12:45:17,10.8
2018-12-01 12:45:27,10.8
2018-12-01 12:45:37,10.8
2018-12-01 12:45:47,10.8
2018-12-01 12:45:57,10.8
2018-12-01 12:46:07,10.8
2018-12-01 12:46:17,10.8
2018-12-01 12:46:27,10.8
2018-12-01 12:46:37,10.8
2018-12-01 12:46:47,10.8
2018-12-01 12:46:57,10.8
2018-12-01 12:47:07,10.8
2018-12-01 12:47:17,10.8
2018-12-01 12:47:27,10.8
2018-12-01 12:47:37,10.8
2018-12-01 12:47:47,10.8
2018-12-01 12:47:57,10.8
2018-12-01 12:48:07,10.8
2018-12-01 12:48:17,10.8
2018-12-01 12:48:27,10.8
2018-12-01 12:48:37,10.8
2018-12-01 12:48:47,10.8
2018-12-01 12:48:57,10.8
2018-12-01 12:49:07,10.8
2018-12-01 12:49:18,10.8
2018-12-01 12:49:28,10.8
2018-12-01 12:49:38,10.8
2018-12-01 12:49:48,10.8
2018-12-01 12:49:58,10.8
2018-12-01 12:50:08,10.8
2018-12-01 12:50:18,10.8
2018-12-01 12:50:28,10.8
2018-12-01 12:50:38,10.8
2018-12-01 12:50:48,10.8
2018-12-01 12:50:58,10.8
2018-12-01 12:51:08,10.8
2018-12-01 12:51:18,10.8
2018-12-01 12:51:28,10.8
2018-12-01 12:51:38,10.8
2018-12-01 12:51:48,10.8
2018-12-01 12:51:58,10.8
2018-12-01 12:52:08,10.8
2018-12-01 12:52:18,10.8
2018-12-01 12:52:28,10.8
2018-12-01 12:52:38,10.8
2018-12-01 12:52:48,10.8
2018-12-01 12:52:58,10.8
2018-12-01 12:53:08,10.8
2018-12-01 12:53:18,10.8
2018-12-01 12:53:28,10.8
2018-12-01 12:53:38,10.8
2018-12-01 12:53:48,10.8
2018-12-01 12:53:58,10.8
2018-12-01 12:54:08,10.8
2018-12-01 12:54:18,10.8
2018-12-01 12:54:28,10.8
2018-12-01 12:54:38,10.8
2018-12-01 12:54:48,10.8
2018-12-01 12:54:58,11.1
2018-12-01 12:55:08,11.1
2018-12-01 12:55:18,11.1
2018-12-01 12:55:28,11.1
2018-12-01 12:55:38,11.1
2018-12-01 12:55:48,11.1
2018-12-01 12:55:58,11.1
2018-12-01 12:56:08,11.1
2018-12-01 12:56:18,11.1
2018-12-01 12:56:28,11.1
2018-12-01 12:56:38,11.1
2018-12-01 12:56:48,11.1
2018-12-01 12:56:58,11.1
2018-12-01 12:57:08,11.1
2018-12-01 12:57:18,11.1
2018-12-01 12:57:28,11.1
2018-12-01 12:57:38,11.1
2018-12-01 12:57:48,11.1
2018-12-01 12:57:58,11.1
2018-12-01 12:58:08,11.1
2018-12-01 12:58:18,11.1
2018-12-01 12:58:28,11.1
2018-12-01 12:58:38,11.1
2018-12-01 12:58:48,11.1
2018-12-01 12:58:58,11.1
2018-12-01 12:59:08,11.1
2018-12-01 12:59:18,11.1
2018-12-01 12:59:28,11.1
2018-12-01 12:59:38,11.1
2018-12-01 12:59:48,11.1
2018-12-01 12:59:58,11.1
2018-12-01 13:00:08,11.1
2018-12-01 13:00:18,11.1
2018-12-01 13:00:28,11.1
2018-12-01 13:00:38,11.1
2018-12-01 13:00:48,11.1
2018-12-01 13:00:58,11.1
2018-12-01 13:01:08,11.1
2018-12-01 13:01:18,11.1
2018-12-01 13:01:28,11.1
2018-12-01 13:01:38,11.1
2018-12-01 13:01:48,11.1
2018-12-01 13:01:58,11.1
2018-12-01 13:02:08,11.1
2018-12-01 13:02:18,11.1
2018-12-01 13:02:28,10.2
2018-12-01 13:02:38,10.2
2018-12-01 13:02:48,10.2
2018-12-01 13:02:58,10.2
2018-12-01 13:03:08,10.2
2018-12-01 13:03:18,10.2
2018-12-01 13:03:28,10.2
2018-12-01 13:03:38,10.2
2018-12-01 13:03:48,10.2
2018-12-01 13:03:58,10.2
2018-12-01 13:04:08,10.2
2018-12-01 13:04:18,10.2
2018-12-01 13:04:28,10.2
2018-12-01 13:04:38,10.2
2018-12-01 13:04:48,10.2
2018-12-01 13:04:58,10.2
2018-12-01 13:05:08,10.2
2018-12-01 13:05:18,10.2
2018-12-01 13:05:28,11.1
2018-12-01 13:05:38,11.1
2018-12-01 13:05:48,11.1
2018-12-01 13:05:58,11.1
2018-12-01 13:06:08,11.1
2018-12-01 13:06:18,11.1
2018-12-01 13:06:28,11.1
2018-12-01 13:06:38,11.1
2018-12-01 13:06:48,11.1
2018-12-01 13:06:58,11.1
2018-12-01 13:07:08,11.1
2018-12-01 13:07:18,11.1
2018-12-01 13:07:28,11.1
2018-12-01 13:07:38,11.1
2018-12-01 13:07:48,11.1
2018-12-01 13:07:58,11.1
2018-12-01 13:08:08,11.1
2018-12-01 13:08:18,11.1
2018-12-01 13:08:28,11.1
2018-12-01 13:08:38,11.1
2018-12-01 13:08:48,11.1
2018-12-01 13:08:58,11.1
2018-12-01 13:09:09,11.1
2018-12-01 13:09:19,11.1
2018-12-01 13:09:29,11.1
2018-12-01 13:09:39,11.1
2018-12-01 13:09:49,11.1
2018-12-01 13:09:59,11.1
2018-12-01 13:10:09,11.1
2018-12-01 13:10:19,11.1
2018-12-01 13:10:29,11.1
2018-12-01 13:10:39,11.1
2018-12-01 13:10:49,11.1
2018-12-01 13:10:59,11.1
2018-12-01 13:11:09,11.1
2018-12-01 13:11:19,11.1
2018-12-01 13:11:29,11.1
2018-12-01 13:11:39,11.1
2018-12-01 13:11:49,11.1
2018-12-01 13:11:59,11.1
2018-12-01 13:12:09,11.1
2018-12-01 13:12:19,11.1
2018-12-01 13:12:29,11.1
2018-12-01 13:12:39,11.1
2018-12-01 13:12:49,11.1
2018-12-01 13:12:59,10.2
2018-12-01 13:13:09,10.2
2018-12-01 13:13:19,10.2
2018-12-01 13:13:29,10.2
2018-12-01 13:13:39,10.2
2018-12-01 13:13:49,10.2
2018-12-01 13:13:59,10.2
2018-12-01 13:14:09,10.2
2018-12-01 13:14:19,10.2
2018-12-01 13:14:29,11.1
2018-12-01 13:14:39,11.1
2018-12-01 13:14:49,11.1
2018-12-01 13:14:59,11.1
2018-12-01 13:15:09,11.1
2018-12-01 13:15:19,11.1
2018-12-01 13:15:29,11.1
2018-12-01 13:15:39,11.1
2018-12-01 13:15:49,11.1
2018-12-01 13:15:59,11.1
2018-12-01 13:16:09,11.1
2018-12-01 13:16:19,11.1
2018-12-01 13:16:29,11.1
2018-12-01 13:16:39,11.1
2018-12-01 13:16:49,11.1
2018-12-01 13:16:59,11.1
2018-12-01 13:17:09,11.1
2018-12-01 13:17:19,11.1
2018-12-01 13:17:29,10.2
2018-12-01 13:17:39,10.2
2018-12-01 13:17:49,10.2
2018-12-01 13:17:59,10.2
2018-12-01 13:18:09,10.2
2018-12-01 13:18:19,10.2
2018-12-01 13:18:29,10.2
2018-12-01 13:18:39,10.2
2018-12-01 13:18:49,10.2
2018-12-01 13:18:59,11.1
2018-12-01 13:19:09,11.1
2018-12-01 13:19:19,11.1
2018-12-01 13:19:29,11.1
2018-12-01 13:19:39,11.1
2018-12-01 13:19:49,11.1
2018-12-01 13:19:59,11.1
2018-12-01 13:20:09,11.1
2018-12-01 13:20:19,11.1
2018-12-01 13:20:29,10.2
2018-12-01 13:20:39,10.2
2018-12-01 13:20:49,10.2
2018-12-01 13:20:59,10.2
2018-12-01 13:21:09,10.2
2018-12-01 13:21:19,10.2
2018-12-01 13:21:29,10.2
2018-12-01 13:21:39,10.2
2018-12-01 13:21:49,10.2
2018-12-01 13:21:59,10.2
2018-12-01 13:22:09,10.2
2018-12-01 13:22:19,10.2
2018-12-01 13:22:29,10.2
2018-12-01 13:22:39,10.2
2018-12-01 13:22:49,10.2
2018-12-01 13:22:59,10.2
2018-12-01 13:23:09,10.2
2018-12-01 13:23:19,10.2
2018-12-01 13:23:29,10.2
2018-12-01 13:23:39,10.2
2018-12-01 13:23:49,10.2
2018-12-01 13:23:59,10.2
2018-12-01 13:24:09,10.2
2018-12-01 13:24:19,10.2
2018-12-01 13:24:29,10.2
2018-12-01 13:24:39,10.2
2018-12-01 13:24:49,10.2
2018-12-01 13:24:59,10.2
2018-12-01 13:25:09,10.2
2018-12-01 13:25:19,10.2
2018-12-01 13:25:29,10.2
2018-12-01 13:25:39,10.2
2018-12-01 13:25:49,10.2
2018-12-01 13:25:59,10.2
2018-12-01 13:26:09,10.2
2018-12-01 13:26:19,10.2
2018-12-01 13:26:29,11.1
2018-12-01 13:26:39,11.1
2018-12-01 13:26:49,11.1
2018-12-01 13:26:59,11.1
2018-12-01 13:27:09,11.1
2018-12-01 13:27:19,11.1
2018-12-01 13:27:29,11.1
2018-12-01 13:27:39,11.1
2018-12-01 13:27:49,11.1
2018-12-01 13:27:59,11.1
2018-12-01 13:28:09,11.1
2018-12-01 13:28:19,11.1
2018-12-01 13:28:29,11.1
2018-12-01 13:28:39,11.1
2018-12-01 13:28:50,11.1
2018-12-01 13:29:00,11.1
2018-12-01 13:29:10,11.1
2018-12-01 13:29:20,11.1
2018-12-01 13:29:30,10.2
2018-12-01 13:29:40,10.2
2018-12-01 13:29:50,10.2
2018-12-01 13:30:00,10.2
2018-12-01 13:30:10,10.2
2018-12-01 13:30:20,10.2
2018-12-01 13:30:30,10.2
2018-12-01 13:30:40,10.2
2018-12-01 13:30:50,10.2
2018-12-01 13:31:00,11.1
2018-12-01 13:31:10,11.1
2018-12-01 13:31:20,11.1
2018-12-01 13:31:30,11.1
2018-12-01 13:31:40,11.1
2018-12-01 13:31:50,11.1
2018-12-01 13:32:00,11.1
2018-12-01 13:32:10,11.1
2018-12-01 13:32:20,11.1
2018-12-01 13:32:30,11.1
2018-12-01 13:32:40,11.1
2018-12-01 13:32:50,11.1
2018-12-01 13:33:00,11.1
2018-12-01 13:33:10,11.1
2018-12-01 13:33:20,11.1
2018-12-01 13:33:30,11.1
2018-12-01 13:33:40,11.1
2018-12-01 13:33:50,11.1
2018-12-01 13:34:00,10.2
2018-12-01 13:34:10,10.2
2018-12-01 13:34:20,10.2
2018-12-01 13:34:30,10.2
2018-12-01 13:34:40,10.2
2018-12-01 13:34:50,10.2
2018-12-01 13:35:00,10.2
2018-12-01 13:35:10,10.2
2018-12-01 13:35:20,10.2
2018-12-01 13:35:30,10.2
2018-12-01 13:35:40,10.2
2018-12-01 13:35:50,10.2
2018-12-01 13:36:00,10.2
2018-12-01 13:36:10,10.2
2018-12-01 13:36:20,10.2
2018-12-01 13:36:30,10.2
2018-12-01 13:36:40,10.2
2018-12-01 13:36:50,10.2
2018-12-01 13:37:00,10.2
2018-12-01 13:37:10,10.2
2018-12-01 13:37:20,10.2
2018-12-01 13:37:30,10.2
2018-12-01 13:37:40,10.2
2018-12-01 13:37:50,10.2
2018-12-01 13:38:00,10.2
2018-12-01 13:38:10,10.2
2018-12-01 13:38:20,10.2
2018-12-01 13:38:30,11.1
2018-12-01 13:38:40,11.1
2018-12-01 13:38:50,11.1
2018-12-01 13:39:00,11.1
2018-12-01 13:39:10,11.1
2018-12-01 13:39:20,11.1
2018-12-01 13:39:30,11.1
2018-12-01 13:39:40,11.1
2018-12-01 13:39:50,11.1
2018-12-01 13:40:00,10.2
2018-12-01 13:40:10,10.2
2018-12-01 13:40:20,10.2
2018-12-01 13:40:30,10.2
2018-12-01 13:40:40,10.2
2018-12-01 13:40:50,10.2
2018-12-01 13:41:00,10.2
2018-12-01 13:41:10,10.2
2018-12-01 13:41:20,10.2
2018-12-01 13:41:30,12.0
2018-12-01 13:41:40,12.0
2018-12-01 13:41:50,12.0
2018-12-01 13:42:00,12.0
2018-12-01 13:42:10,12.0
2018-12-01 13:42:20,12.0
2018-12-01 13:42:30,12.0
2018-12-01 13:42:40,12.0
2018-12-01 13:42:50,12.0
2018-12-01 13:43:00,11.1
2018-12-01 13:43:10,11.1
2018-12-01 13:43:20,11.1
2018-12-01 13:43:30,11.1
2018-12-01 13:43:40,11.1
2018-12-01 13:43:50,11.1
2018-12-01 13:44:00,11.1
2018-12-01 13:44:10,11.1
2018-12-01 13:44:20,11.1
2018-12-01 13:44:30,11.1
2018-12-01 13:44:40,11.1
2018-12-01 13:44:50,11.1
2018-12-01 13:45:00,11.1
2018-12-01 13:45:10,11.1
2018-12-01 13:45:20,11.1
2018-12-01 13:45:30,11.1
2018-12-01 13:45:40,11.1
2018-12-01 13:45:50,11.1
2018-12-01 13:46:00,11.1
2018-12-01 13:46:10,11.1
2018-12-01 13:46:20,11.1
2018-12-01 13:46:30,11.1
2018-12-01 13:46:40,11.1
2018-12-01 13:46:50,11.1
2018-12-01 13:47:00,11.1
2018-12-01 13:47:10,11.1
2018-12-01 13:47:20,11.1
2018-12-01 13:47:30,12.0
2018-12-01 13:47:40,12.0
2018-12-01 13:47:50,12.0
2018-12-01 13:48:00,12.0
2018-12-01 13:48:10,12.0
2018-12-01 13:48:20,12.0
2018-12-01 13:48:30,12.0
2018-12-01 13:48:40,12.0
2018-12-01 13:48:51,12.0
2018-12-01 13:49:01,12.2
2018-12-01 13:49:11,12.2
2018-12-01 13:49:21,12.2
2018-12-01 13:49:31,12.2
2018-12-01 13:49:41,12.2
2018-12-01 13:49:51,12.2
2018-12-01 13:50:01,12.2
2018-12-01 13:50:11,12.2
2018-12-01 13:50:21,12.2
2018-12-01 13:50:31,12.2
2018-12-01 13:50:41,12.2
2018-12-01 13:50:51,12.2
2018-12-01 13:51:01,12.2
2018-12-01 13:51:11,12.2
2018-12-01 13:51:21,12.2
2018-12-01 13:51:31,12.2
2018-12-01 13:51:41,12.2
2018-12-01 13:51:51,12.2
2018-12-01 13:52:01,12.0
2018-12-01 13:52:11,12.0
2018-12-01 13:52:21,12.0
2018-12-01 13:52:31,12.0
2018-12-01 13:52:41,12.0
2018-12-01 13:52:51,12.0
2018-12-01 13:53:01,12.0
2018-12-01 13:53:11,12.0
2018-12-01 13:53:21,12.0
2018-12-01 13:53:31,12.2
2018-12-01 13:53:41,12.2
2018-12-01 13:53:51,12.2
2018-12-01 13:54:01,12.2
2018-12-01 13:54:11,12.2
2018-12-01 13:54:21,12.2
2018-12-01 13:54:31,12.2
2018-12-01 13:54:41,12.2
2018-12-01 13:54:51,12.2
2018-12-01 13:55:01,12.2
2018-12-01 13:55:11,12.2
2018-12-01 13:55:21,12.2
2018-12-01 13:55:31,12.2
2018-12-01 13:55:41,12.2
2018-12-01 13:55:51,12.2
2018-12-01 13:56:01,12.2
2018-12-01 13:56:11,12.2
2018-12-01 13:56:21,12.2
2018-12-01 13:56:31,12.2
2018-12-01 13:56:41,12.2
2018-12-01 13:56:51,12.2
2018-12-01 13:57:01,12.2
2018-12-01 13:57:11,12.2
2018-12-01 13:57:21,12.2
2018-12-01 13:57:31,12.2
2018-12-01 13:57:41,12.2
2018-12-01 13:57:51,12.2
2018-12-01 13:58:01,12.2
2018-12-01 13:58:11,12.2
2018-12-01 13:58:21,12.2
2018-12-01 13:58:31,12.2
2018-12-01 13:58:41,12.2
2018-12-01 13:58:51,12.2
2018-12-01 13:59:01,12.2
2018-12-01 13:59:11,12.2
2018-12-01 13:59:21,12.2
2018-12-01 13:59:31,12.2
2018-12-01 13:59:41,12.2
2018-12-01 13:59:51,12.2
2018-12-01 14:00:01,12.2
2018-12-01 14:00:11,12.2
2018-12-01 14:00:21,12.2
2018-12-01 14:00:31,12.2
2018-12-01 14:00:41,12.2
2018-12-01 14:00:51,12.2
2018-12-01 14:01:01,12.2
2018-12-01 14:01:11,12.2
2018-12-01 14:01:21,12.2
2018-12-01 14:01:31,12.2
2018-12-01 14:01:41,12.2
2018-12-01 14:01:51,12.2
2018-12-01 14:02:01,12.2
2018-12-01 14:02:11,12.2
2018-12-01 14:02:21,12.2
2018-12-01 14:02:31,12.2
2018-12-01 14:02:41,12.2
2018-12-01 14:02:51,12.2
2018-12-01 14:03:01,12.2
2018-12-01 14:03:11,12.2
2018-12-01 14:03:21,12.2
2018-12-01 14:03:31,12.2
2018-12-01 14:03:41,12.2
2018-12-01 14:03:51,12.2
2018-12-01 14:04:01,12.2
2018-12-01 14:04:11,12.2
2018-12-01 14:04:21,12.2
2018-12-01 14:04:31,12.2
2018-12-01 14:04:41,12.2
2018-12-01 14:04:51,12.2
2018-12-01 14:05:01,12.2
2018-12-01 14:05:11,12.2
2018-12-01 14:05:21,12.2
2018-12-01 14:05:31,12.2
2018-12-01 14:05:41,12.2
2018-12-01 14:05:51,12.2
2018-12-01 14:06:01,12.2
2018-12-01 14:06:11,12.2
2018-12-01 14:06:21,12.2
2018-12-01 14:06:31,12.2
2018-12-01 14:06:41,12.2
2018-12-01 14:06:51,12.2
2018-12-01 14:07:01,12.2
2018-12-01 14:07:11,12.2
2018-12-01 14:07:21,12.2
2018-12-01 14:07:31,12.2
2018-12-01 14:07:41,12.2
2018-12-01 14:07:51,12.2
2018-12-01 14:08:01,12.2
2018-12-01 14:08:11,12.2
2018-12-01 14:08:21,12.2
2018-12-01 14:08:31,12.2
2018-12-01 14:08:41,12.2
2018-12-01 14:08:52,12.2
2018-12-01 14:09:02,12.2
2018-12-01 14:09:12,12.2
2018-12-01 14:09:22,12.2
2018-12-01 14:09:32,12.2
2018-12-01 14:09:42,12.2
2018-12-01 14:09:52,12.2
2018-12-01 14:10:02,12.2
2018-12-01 14:10:12,12.2
2018-12-01 14:10:22,12.2
2018-12-01 14:10:32,12.2
2018-12-01 14:10:42,12.2
2018-12-01 14:10:52,12.2
2018-12-01 14:11:02,12.2
2018-12-01 14:11:12,12.2
2018-12-01 14:11:22,12.2
2018-12-01 14:11:32,12.2
2018-12-01 14:11:42,12.2
2018-12-01 14:11:52,12.2
2018-12-01 14:12:02,12.2
2018-12-01 14:12:12,12.2
2018-12-01 14:12:22,12.2
2018-12-01 14:12:32,12.2
2018-12-01 14:12:42,12.2
2018-12-01 14:12:52,12.2
2018-12-01 14:13:02,12.2
2018-12-01 14:13:12,12.2
2018-12-01 14:13:22,12.2
2018-12-01 14:13:32,12.2
2018-12-01 14:13:42,12.2
2018-12-01 14:13:52,12.2
2018-12-01 14:14:02,12.2
2018-12-01 14:14:12,12.2
2018-12-01 14:14:22,12.2
2018-12-01 14:14:32,12.2
2018-12-01 14:14:42,12.2
2018-12-01 14:14:52,12.2
2018-12-01 14:15:02,12.2
2018-12-01 14:15:12,12.2
2018-12-01 14:15:22,12.2
2018-12-01 14:15:32,12.2
2018-12-01 14:15:42,12.2
2018-12-01 14:15:52,12.2
2018-12-01 14:16:02,12.2
2018-12-01 14:16:12,12.2
2018-12-01 14:16:22,12.2
2018-12-01 14:16:32,12.2
2018-12-01 14:16:42,12.2
2018-12-01 14:16:52,12.2
2018-12-01 14:17:02,12.2
2018-12-01 14:17:12,12.2
2018-12-01 14:17:22,12.2
2018-12-01 14:17:32,12.2
2018-12-01 14:17:42,12.2
2018-12-01 14:17:52,12.2
2018-12-01 14:18:02,12.2
2018-12-01 14:18:12,12.2
2018-12-01 14:18:22,12.2
2018-12-01 14:18:32,12.2
2018-12-01 14:18:42,12.2
2018-12-01 14:18:52,12.2
2018-12-01 14:19:02,12.2
2018-12-01 14:19:12,12.2
2018-12-01 14:19:22,12.2
2018-12-01 14:19:32,12.2
2018-12-01 14:19:42,12.2
2018-12-01 14:19:52,12.2
2018-12-01 14:20:02,12.2
2018-12-01 14:20:12,12.2
2018-12-01 14:20:22,12.2
2018-12-01 14:20:32,12.2
2018-12-01 14:20:42,12.2
2018-12-01 14:20:52,12.2
2018-12-01 14:21:02,12.2
2018-12-01 14:21:12,12.2
2018-12-01 14:21:22,12.2
2018-12-01 14:21:32,12.2
2018-12-01 14:21:42,12.2
2018-12-01 14:21:52,12.2
2018-12-01 14:22:02,12.2
2018-12-01 14:22:12,12.2
2018-12-01 14:22:22,12.2
2018-12-01 14:22:32,12.2
2018-12-01 14:22:42,12.2
2018-12-01 14:22:52,12.2
2018-12-01 14:23:02,12.2
2018-12-01 14:23:12,12.2
2018-12-01 14:23:22,12.2
2018-12-01 14:23:32,12.2
2018-12-01 14:23:42,12.2
2018-12-01 14:23:52,12.2
2018-12-01 14:24:02,12.2
2018-12-01 14:24:12,12.2
2018-12-01 14:24:22,12.2
2018-12-01 14:24:32,12.2
2018-12-01 14:24:42,12.2
2018-12-01 14:24:52,12.2
2018-12-01 14:25:02,12.2
2018-12-01 14:25:12,12.2
2018-12-01 14:25:22,12.2
2018-12-01 14:25:32,12.2
2018-12-01 14:25:42,12.2
2018-12-01 14:25:52,12.2
2018-12-01 14:26:02,12.2
2018-12-01 14:26:12,12.2
2018-12-01 14:26:22,12.2
2018-12-01 14:26:32,12.2
2018-12-01 14:26:42,12.2
2018-12-01 14:26:52,12.2
2018-12-01 14:27:02,12.2
2018-12-01 14:27:12,12.2
2018-12-01 14:27:22,12.2
2018-12-01 14:27:32,12.2
2018-12-01 14:27:42,12.2
2018-12-01 14:27:52,12.2
2018-12-01 14:28:02,12.2
2018-12-01 14:28:12,12.2
2018-12-01 14:28:22,12.2
2018-12-01 14:28:33,12.2
2018-12-01 14:28:43,12.2
2018-12-01 14:28:53,12.2
2018-12-01 14:29:03,12.2
2018-12-01 14:29:13,12.2
2018-12-01 14:29:23,12.2
2018-12-01 14:29:33,12.2
2018-12-01 14:29:43,12.2
2018-12-01 14:29:53,12.2
2018-12-01 14:30:03,12.2
2018-12-01 14:30:13,12.2
2018-12-01 14:30:23,12.2
2018-12-01 14:30:33,12.2
2018-12-01 14:30:43,12.2
2018-12-01 14:30:53,12.2
2018-12-01 14:31:03,12.2
2018-12-01 14:31:13,12.2
2018-12-01 14:31:23,12.2
2018-12-01 14:31:33,12.2
2018-12-01 14:31:43,12.2
2018-12-01 14:31:53,12.2
2018-12-01 14:32:03,12.2
2018-12-01 14:32:13,12.2
2018-12-01 14:32:23,12.2
2018-12-01 14:32:33,12.2
2018-12-01 14:32:43,12.2
2018-12-01 14:32:53,12.2
2018-12-01 14:33:03,12.2
2018-12-01 14:33:13,12.2
2018-12-01 14:33:23,12.2
2018-12-01 14:33:33,12.2
2018-12-01 14:33:43,12.2
2018-12-01 14:33:53,12.2
2018-12-01 14:34:03,12.3
2018-12-01 14:34:13,12.3
2018-12-01 14:34:23,12.3
2018-12-01 14:34:33,12.3
2018-12-01 14:34:43,12.3
2018-12-01 14:34:53,12.3
2018-12-01 14:35:03,12.3
2018-12-01 14:35:13,12.3
2018-12-01 14:35:23,12.3
2018-12-01 14:35:33,12.3
2018-12-01 14:35:43,12.3
2018-12-01 14:35:53,12.3
2018-12-01 14:36:03,12.3
2018-12-01 14:36:13,12.3
2018-12-01 14:36:23,12.3
2018-12-01 14:36:33,12.3
2018-12-01 14:36:43,12.3
2018-12-01 14:36:53,12.3
2018-12-01 14:37:03,12.3
2018-12-01 14:37:13,12.3
2018-12-01 14:37:23,12.3
2018-12-01 14:37:33,12.3
2018-12-01 14:37:43,12.3
2018-12-01 14:37:53,12.3
2018-12-01 14:38:03,12.3
2018-12-01 14:38:13,12.3
2018-12-01 14:38:23,12.3
2018-12-01 14:38:33,12.3
2018-12-01 14:38:43,12.3
2018-12-01 14:38:53,12.3
2018-12-01 14:39:03,12.3
2018-12-01 14:39:13,12.3
2018-12-01 14:39:23,12.3
2018-12-01 14:39:33,12.3
2018-12-01 14:39:43,12.3
2018-12-01 14:39:53,12.3
2018-12-01 14:40:03,12.3
2018-12-01 14:40:13,12.3
2018-12-01 14:40:23,12.3
2018-12-01 14:40:33,12.3
2018-12-01 14:40:43,12.3
2018-12-01 14:40:53,12.3
2018-12-01 14:41:03,12.3
2018-12-01 14:41:13,12.3
2018-12-01 14:41:23,12.3
2018-12-01 14:41:33,12.3
2018-12-01 14:41:43,12.3
2018-12-01 14:41:53,12.3
2018-12-01 14:42:03,12.3
2018-12-01 14:42:13,12.3
2018-12-01 14:42:23,12.3
2018-12-01 14:42:33,12.3
2018-12-01 14:42:43,12.3
2018-12-01 14:42:53,12.3
2018-12-01 14:43:03,12.3
2018-12-01 14:43:13,12.3
2018-12-01 14:43:23,12.3
2018-12-01 14:43:33,12.3
2018-12-01 14:43:43,12.3
2018-12-01 14:43:53,12.3
2018-12-01 14:44:03,12.3
2018-12-01 14:44:13,12.3
2018-12-01 14:44:23,12.3
2018-12-01 14:44:33,12.3
2018-12-01 14:44:43,12.3
2018-12-01 14:44:53,12.3
2018-12-01 14:45:03,12.3
2018-12-01 14:45:13,12.3
2018-12-01 14:45:23,12.3
2018-12-01 14:45:33,12.3
2018-12-01 14:45:43,12.3
2018-12-01 14:45:53,12.3
2018-12-01 14:46:03,12.3
2018-12-01 14:46:13,12.3
2018-12-01 14:46:23,12.3
2018-12-01 14:46:33,12.3
2018-12-01 14:46:43,12.3
2018-12-01 14:46:53,12.3
2018-12-01 14:47:03,12.3
2018-12-01 14:47:13,12.3
2018-12-01 14:47:23,12.3
2018-12-01 14:47:33,12.3
2018-12-01 14:47:43,12.3
2018-12-01 14:47:53,12.3
2018-12-01 14:48:03,12.3
2018-12-01 14:48:13,12.3
2018-12-01 14:48:24,12.3
2018-12-01 14:48:34,12.3
2018-12-01 14:48:44,12.3
2018-12-01 14:48:54,12.3
2018-12-01 14:49:04,12.3
2018-12-01 14:49:14,12.3
2018-12-01 14:49:24,12.3
2018-12-01 14:49:34,12.3
2018-12-01 14:49:44,12.3
2018-12-01 14:49:54,12.3
2018-12-01 14:50:04,12.3
2018-12-01 14:50:14,12.3
2018-12-01 14:50:24,12.3
2018-12-01 14:50:34,12.3
2018-12-01 14:50:44,12.3
2018-12-01 14:50:54,12.3
2018-12-01 14:51:04,12.3
2018-12-01 14:51:14,12.3
2018-12-01 14:51:24,12.3
2018-12-01 14:51:34,12.3
2018-12-01 14:51:44,12.3
2018-12-01 14:51:54,12.3
2018-12-01 14:52:04,12.3
2018-12-01 14:52:14,12.3
2018-12-01 14:52:24,12.3
2018-12-01 14:52:34,12.3
2018-12-01 14:52:44,12.3
2018-12-01 14:52:54,12.3
2018-12-01 14:53:04,12.3
2018-12-01 14:53:14,12.3
2018-12-01 14:53:24,12.3
2018-12-01 14:53:34,12.3
2018-12-01 14:53:44,12.3
2018-12-01 14:53:54,12.3
2018-12-01 14:54:04,12.3
2018-12-01 14:54:14,12.3
2018-12-01 14:54:24,12.3
2018-12-01 14:54:34,12.3
2018-12-01 14:54:44,12.3
2018-12-01 14:54:54,12.3
2018-12-01 14:55:04,12.3
2018-12-01 14:55:14,12.3
2018-12-01 14:55:24,12.3
2018-12-01 14:55:34,12.3
2018-12-01 14:55:44,12.3
2018-12-01 14:55:54,12.3
2018-12-01 14:56:04,12.3
2018-12-01 14:56:14,12.3
2018-12-01 14:56:24,12.3
2018-12-01 14:56:34,12.3
2018-12-01 14:56:44,12.3
2018-12-01 14:56:54,12.3
2018-12-01 14:57:04,12.3
2018-12-01 14:57:14,12.3
2018-12-01 14:57:24,12.3
2018-12-01 14:57:34,12.3
2018-12-01 14:57:44,12.3
2018-12-01 14:57:54,12.3
2018-12-01 14:58:04,12.3
2018-12-01 14:58:14,12.3
2018-12-01 14:58:24,12.3
2018-12-01 14:58:34,12.3
2018-12-01 14:58:44,12.3
2018-12-01 14:58:54,12.3
2018-12-01 14:59:04,12.3
2018-12-01 14:59:14,12.3
2018-12-01 14:59:24,12.3
2018-12-01 14:59:34,12.3
2018-12-01 14:59:44,12.3
2018-12-01 14:59:54,12.3
2018-12-01 15:00:04,12.3
2018-12-01 15:00:14,12.3
2018-12-01 15:00:24,12.3
2018-12-01 15:00:34,12.3
2018-12-01 15:00:44,12.3
2018-12-01 15:00:54,12.3
2018-12-01 15:01:04,12.3
2018-12-01 15:01:14,12.3
2018-12-01 15:01:24,12.3
2018-12-01 15:01:34,12.3
2018-12-01 15:01:44,12.3
2018-12-01 15:01:54,12.3
2018-12-01 15:02:04,12.3
2018-12-01 15:02:14,12.3
2018-12-01 15:02:24,12.3
2018-12-01 15:02:34,12.3
2018-12-01 15:02:44,12.3
2018-12-01 15:02:54,12.3
2018-12-01 15:03:04,12.3
2018-12-01 15:03:14,12.3
2018-12-01 15:03:24,12.3
2018-12-01 15:03:34,12.3
2018-12-01 15:03:44,12.3
2018-12-01 15:03:54,12.3
2018-12-01 15:04:05,12.3
2018-12-01 15:04:15,12.3
2018-12-01 15:04:25,12.3
2018-12-01 15:04:35,12.3
2018-12-01 15:04:45,12.3
2018-12-01 15:04:55,12.3
2018-12-01 15:05:05,12.3
2018-12-01 15:05:15,12.3
2018-12-01 15:05:25,12.3
2018-12-01 15:05:35,12.3
2018-12-01 15:05:45,12.3
2018-12-01 15:05:55,12.3
2018-12-01 15:06:05,12.3
2018-12-01 15:06:15,12.3
2018-12-01 15:06:25,12.3
2018-12-01 15:06:35,12.3
2018-12-01 15:06:45,12.3
2018-12-01 15:06:55,12.3
2018-12-01 15:07:05,12.3
2018-12-01 15:07:15,12.3
2018-12-01 15:07:25,12.3
2018-12-01 15:07:35,12.3
2018-12-01 15:07:45,12.3
2018-12-01 15:07:55,12.3
2018-12-01 15:08:05,12.3
2018-12-01 15:08:15,12.3
2018-12-01 15:08:25,12.3
2018-12-01 15:08:35,12.3
2018-12-01 15:08:45,12.3
2018-12-01 15:08:55,12.3
2018-12-01 15:09:05,12.3
2018-12-01 15:09:15,12.3
2018-12-01 15:09:25,12.3
2018-12-01 15:09:35,12.3
2018-12-01 15:09:45,12.3
2018-12-01 15:09:55,12.3
2018-12-01 15:10:05,12.3
2018-12-01 15:10:15,12.3
2018-12-01 15:10:25,12.3
2018-12-01 15:10:35,12.3
2018-12-01 15:10:45,12.3
2018-12-01 15:10:55,12.3
2018-12-01 15:11:05,12.3
2018-12-01 15:11:15,12.3
2018-12-01 15:11:25,12.3
2018-12-01 15:11:35,12.3
2018-12-01 15:11:45,12.3
2018-12-01 15:11:55,12.3
2018-12-01 15:12:05,12.3
2018-12-01 15:12:15,12.3
2018-12-01 15:12:25,12.3
2018-12-01 15:12:35,12.3
2018-12-01 15:12:45,12.3
2018-12-01 15:12:55,12.3
2018-12-01 15:13:05,12.3
2018-12-01 15:13:15,12.3
2018-12-01 15:13:25,12.3
2018-12-01 15:13:35,12.3
2018-12-01 15:13:45,12.3
2018-12-01 15:13:55,12.3
2018-12-01 15:14:05,12.3
2018-12-01 15:14:15,12.3
2018-12-01 15:14:25,12.3
2018-12-01 15:14:35,12.3
2018-12-01 15:14:45,12.3
2018-12-01 15:14:55,12.3
2018-12-01 15:15:05,12.3
2018-12-01 15:15:15,12.3
2018-12-01 15:15:25,12.3
2018-12-01 15:15:35,12.3
2018-12-01 15:15:45,12.3
2018-12-01 15:15:55,12.3
2018-12-01 15:16:05,12.3
2018-12-01 15:16:15,12.3
2018-12-01 15:16:25,12.3
2018-12-01 15:16:35,12.3
2018-12-01 15:16:45,12.3
2018-12-01 15:16:55,12.3
2018-12-01 15:17:05,12.3
2018-12-01 15:17:15,12.3
2018-12-01 15:17:25,12.3
2018-12-01 15:17:35,12.3
2018-12-01 15:17:45,12.3
2018-12-01 15:17:55,12.3
2018-12-01 15:18:05,12.3
2018-12-01 15:18:15,12.3
2018-12-01 15:18:25,12.3
2018-12-01 15:18:35,12.3
2018-12-01 15:18:45,12.3
2018-12-01 15:18:55,12.3
2018-12-01 15:19:05,12.3
2018-12-01 15:19:15,12.3
2018-12-01 15:19:25,12.3
2018-12-01 15:19:35,12.3
2018-12-01 15:19:45,12.3
2018-12-01 15:19:55,12.3
2018-12-01 15:20:05,12.3
2018-12-01 15:20:15,12.3
2018-12-01 15:20:25,12.3
2018-12-01 15:20:35,12.3
2018-12-01 15:20:45,12.3
2018-12-01 15:20:55,12.3
2018-12-01 15:21:05,12.3
2018-12-01 15:21:15,12.3
2018-12-01 15:21:25,12.3
2018-12-01 15:21:35,12.3
2018-12-01 15:21:45,12.3
2018-12-01 15:21:56,12.3
2018-12-01 15:22:06,12.2
2018-12-01 15:22:16,12.2
2018-12-01 15:22:26,12.2
2018-12-01 15:22:36,12.2
2018-12-01 15:22:46,12.2
2018-12-01 15:22:56,12.2
2018-12-01 15:23:06,12.2
2018-12-01 15:23:16,12.2
2018-12-01 15:23:26,12.2
2018-12-01 15:23:36,12.2
2018-12-01 15:23:46,12.2
2018-12-01 15:23:56,12.2
2018-12-01 15:24:06,12.2
2018-12-01 15:24:16,12.2
2018-12-01 15:24:26,12.2
2018-12-01 15:24:36,12.2
2018-12-01 15:24:46,12.2
2018-12-01 15:24:56,12.2
2018-12-01 15:25:06,12.2
2018-12-01 15:25:16,12.2
2018-12-01 15:25:26,12.2
2018-12-01 15:25:36,12.2
2018-12-01 15:25:46,12.2
2018-12-01 15:25:56,12.2
2018-12-01 15:26:06,12.2
2018-12-01 15:26:16,12.2
2018-12-01 15:26:26,12.2
2018-12-01 15:26:36,12.2
2018-12-01 15:26:46,12.2
2018-12-01 15:26:56,12.2
2018-12-01 15:27:06,12.2
2018-12-01 15:27:16,12.2
2018-12-01 15:27:26,12.2
2018-12-01 15:27:36,12.2
2018-12-01 15:27:46,12.2
2018-12-01 15:27:56,12.2
2018-12-01 15:28:06,12.1
2018-12-01 15:28:16,12.1
2018-12-01 15:28:26,12.1
2018-12-01 15:28:36,12.1
2018-12-01 15:28:46,12.1
2018-12-01 15:28:56,12.1
2018-12-01 15:29:06,12.1
2018-12-01 15:29:16,12.1
2018-12-01 15:29:26,12.1
2018-12-01 15:29:36,12.1
2018-12-01 15:29:46,12.1
2018-12-01 15:29:56,12.1
2018-12-01 15:30:06,12.1
2018-12-01 15:30:16,12.1
2018-12-01 15:30:26,12.1
2018-12-01 15:30:36,12.1
2018-12-01 15:30:46,12.1
2018-12-01 15:30:56,12.1
2018-12-01 15:31:06,12.1
2018-12-01 15:31:16,12.1
2018-12-01 15:31:26,12.1
2018-12-01 15:31:36,12.1
2018-12-01 15:31:46,12.1
2018-12-01 15:31:56,12.1
2018-12-01 15:32:06,12.1
2018-12-01 15:32:16,12.1
2018-12-01 15:32:26,12.1
2018-12-01 15:32:36,12.1
2018-12-01 15:32:46,12.1
2018-12-01 15:32:56,12.1
2018-12-01 15:33:06,12.1
2018-12-01 15:33:16,12.1
2018-12-01 15:33:26,12.1
2018-12-01 15:33:36,12.1
2018-12-01 15:33:46,12.1
2018-12-01 15:33:56,12.1
2018-12-01 15:34:06,12.0
2018-12-01 15:34:16,12.0
2018-12-01 15:34:26,12.0
2018-12-01 15:34:36,12.0
2018-12-01 15:34:46,12.0
2018-12-01 15:34:56,12.0
2018-12-01 15:35:06,12.0
2018-12-01 15:35:16,12.0
2018-12-01 15:35:26,12.0
2018-12-01 15:35:36,12.0
2018-12-01 15:35:46,12.0
2018-12-01 15:35:56,12.0
2018-12-01 15:36:06,12.0
2018-12-01 15:36:16,12.0
2018-12-01 15:36:26,12.0
2018-12-01 15:36:36,12.0
2018-12-01 15:36:46,12.0
2018-12-01 15:36:56,12.0
2018-12-01 15:37:06,12.1
2018-12-01 15:37:16,12.1
2018-12-01 15:37:26,12.1
2018-12-01 15:37:36,12.1
2018-12-01 15:37:46,12.1
2018-12-01 15:37:56,12.1
2018-12-01 15:38:06,12.1
2018-12-01 15:38:16,12.1
2018-12-01 15:38:26,12.1
2018-12-01 15:38:36,12.1
2018-12-01 15:38:46,12.1
2018-12-01 15:38:56,12.1
2018-12-01 15:39:06,12.1
2018-12-01 15:39:16,12.1
2018-12-01 15:39:26,12.1
2018-12-01 15:39:36,12.1
2018-12-01 15:39:46,12.1
2018-12-01 15:39:56,12.0
2018-12-01 15:40:06,12.0
2018-12-01 15:40:16,12.0
2018-12-01 15:40:26,12.0
2018-12-01 15:40:36,12.0
2018-12-01 15:40:46,12.0
2018-12-01 15:40:56,12.0
2018-12-01 15:41:06,12.0
2018-12-01 15:41:17,12.0
2018-12-01 15:41:27,12.0
2018-12-01 15:41:37,12.0
2018-12-01 15:41:47,12.0
2018-12-01 15:41:57,12.0
2018-12-01 15:42:07,12.0
2018-12-01 15:42:17,12.0
2018-12-01 15:42:27,12.0
2018-12-01 15:42:37,12.0
2018-12-01 15:42:47,12.0
2018-12-01 15:42:57,12.0
2018-12-01 15:43:07,12.0
2018-12-01 15:43:17,12.0
2018-12-01 15:43:27,12.0
2018-12-01 15:43:37,12.0
2018-12-01 15:43:47,12.0
2018-12-01 15:43:57,12.0
2018-12-01 15:44:07,12.0
2018-12-01 15:44:17,12.0
2018-12-01 15:44:27,12.1
2018-12-01 15:44:37,12.1
2018-12-01 15:44:47,12.1
2018-12-01 15:44:57,12.1
2018-12-01 15:45:07,12.1
2018-12-01 15:45:17,12.1
2018-12-01 15:45:27,12.1
2018-12-01 15:45:37,12.1
2018-12-01 15:45:47,12.1
2018-12-01 15:45:57,12.1
2018-12-01 15:46:07,12.1
2018-12-01 15:46:17,12.1
2018-12-01 15:46:27,12.1
2018-12-01 15:46:37,12.1
2018-12-01 15:46:47,12.1
2018-12-01 15:46:57,12.1
2018-12-01 15:47:07,12.1
2018-12-01 15:47:17,12.1
2018-12-01 15:47:27,12.1
2018-12-01 15:47:37,12.1
2018-12-01 15:47:47,12.1
2018-12-01 15:47:57,12.1
2018-12-01 15:48:07,12.1
2018-12-01 15:48:17,12.1
2018-12-01 15:48:27,12.1
2018-12-01 15:48:37,12.1
2018-12-01 15:48:47,12.1
2018-12-01 15:48:57,12.0
2018-12-01 15:49:07,12.0
2018-12-01 15:49:17,12.0
2018-12-01 15:49:27,12.0
2018-12-01 15:49:37,12.0
2018-12-01 15:49:47,12.0
2018-12-01 15:49:57,12.0
2018-12-01 15:50:07,12.0
2018-12-01 15:50:17,12.0
2018-12-01 15:50:27,12.0
2018-12-01 15:50:37,12.1
2018-12-01 15:50:47,12.1
2018-12-01 15:50:57,12.1
2018-12-01 15:51:07,12.1
2018-12-01 15:51:17,12.1
2018-12-01 15:51:27,12.1
2018-12-01 15:51:37,12.1
2018-12-01 15:51:47,12.1
2018-12-01 15:51:57,12.1
2018-12-01 15:52:07,12.1
2018-12-01 15:52:17,12.1
2018-12-01 15:52:27,12.1
2018-12-01 15:52:37,12.1
2018-12-01 15:52:47,12.1
2018-12-01 15:52:57,12.1
2018-12-01 15:53:07,12.1
2018-12-01 15:53:17,12.1
2018-12-01 15:53:27,12.1
2018-12-01 15:53:37,12.1
2018-12-01 15:53:47,12.1
2018-12-01 15:53:57,12.1
2018-12-01 15:54:07,12.1
2018-12-01 15:54:17,12.1
2018-12-01 15:54:27,12.1
2018-12-01 15:54:37,12.1
2018-12-01 15:54:47,12.1
2018-12-01 15:54:57,12.1
2018-12-01 15:55:07,12.0
2018-12-01 15:55:17,12.0
2018-12-01 15:55:27,12.0
2018-12-01 15:55:37,12.0
2018-12-01 15:55:47,12.0
2018-12-01 15:55:57,12.0
2018-12-01 15:56:07,12.0
2018-12-01 15:56:17,12.0
2018-12-01 15:56:27,12.0
2018-12-01 15:56:37,12.1
2018-12-01 15:56:47,12.1
2018-12-01 15:56:57,12.1
2018-12-01 15:57:07,12.1
2018-12-01 15:57:17,12.1
2018-12-01 15:57:27,12.1
2018-12-01 15:57:37,12.1
2018-12-01 15:57:47,12.1
2018-12-01 15:57:57,12.1
2018-12-01 15:58:07,12.1
2018-12-01 15:58:17,12.1
2018-12-01 15:58:27,12.1
2018-12-01 15:58:37,12.1
2018-12-01 15:58:47,12.1
2018-12-01 15:58:57,12.1
2018-12-01 15:59:07,12.1
2018-12-01 15:59:17,12.1
2018-12-01 15:59:27,12.1
2018-12-01 15:59:37,12.1
2018-12-01 15:59:47,12.1
2018-12-01 15:59:57,12.1
2018-12-01 16:00:07,12.1
2018-12-01 16:00:17,12.1
2018-12-01 16:00:27,12.1
2018-12-01 16:00:37,12.1
2018-12-01 16:00:54,12.0
2018-12-01 16:01:04,12.0
2018-12-01 16:01:14,12.0
2018-12-01 16:01:24,12.0
2018-12-01 16:01:34,12.0
2018-12-01 16:01:44,12.0
2018-12-01 16:01:54,12.0
2018-12-01 16:02:04,12.0
2018-12-01 16:02:14,12.0
2018-12-01 16:02:25,12.0
2018-12-01 16:02:35,12.0
2018-12-01 16:02:45,12.0
2018-12-01 16:02:55,12.0
2018-12-01 16:03:05,12.0
2018-12-01 16:03:15,12.0
2018-12-01 16:03:25,12.0
2018-12-01 16:03:35,12.0
2018-12-01 16:03:45,12.0
2018-12-01 16:03:55,12.0
2018-12-01 16:04:05,12.0
2018-12-01 16:04:15,12.0
2018-12-01 16:04:25,12.0
2018-12-01 16:04:35,12.0
2018-12-01 16:04:45,12.0
2018-12-01 16:04:55,12.0
2018-12-01 16:05:05,12.0
2018-12-01 16:05:15,12.0
2018-12-01 16:05:25,12.0
2018-12-01 16:05:35,12.0
2018-12-01 16:05:45,12.0
2018-12-01 16:05:55,12.0
2018-12-01 16:06:05,12.0
2018-12-01 16:06:15,12.0
2018-12-01 16:06:25,12.0
2018-12-01 16:07:29,11.7
2018-12-01 16:07:39,11.7
2018-12-01 16:07:49,11.7
2018-12-01 16:07:59,11.7
2018-12-01 16:08:09,11.7
2018-12-01 16:08:19,11.7
2018-12-01 16:08:29,11.7
2018-12-01 16:08:39,11.7
2018-12-01 16:08:49,11.7
2018-12-01 16:08:59,11.7
2018-12-01 16:09:09,11.7
2018-12-01 16:09:19,11.7
2018-12-01 16:09:29,11.7
2018-12-01 16:09:39,11.7
2018-12-01 16:09:49,11.7
2018-12-01 16:10:00,11.7
2018-12-01 16:10:10,11.7
2018-12-01 16:10:20,11.7
2018-12-01 16:10:30,11.7
2018-12-01 16:10:40,11.7
2018-12-01 16:10:50,11.7
2018-12-01 16:11:00,11.7
2018-12-01 16:11:10,11.7
2018-12-01 16:11:20,11.7
2018-12-01 16:11:30,11.7
2018-12-01 16:11:40,11.7
2018-12-01 16:11:50,11.7
2018-12-01 16:12:00,12.0
2018-12-01 16:12:10,12.0
2018-12-01 16:12:20,12.0
2018-12-01 16:13:41,11.7
2018-12-01 16:13:51,11.7
2018-12-01 16:14:00,11.7
2018-12-01 16:14:10,11.7
2018-12-01 16:14:31,11.7
2018-12-01 16:14:41,11.7
2018-12-01 16:14:51,11.7
2018-12-01 16:15:01,11.7
2018-12-01 16:15:11,11.7
2018-12-01 16:15:21,11.7
2018-12-01 16:15:31,11.7
2018-12-01 16:15:41,11.7
2018-12-01 16:15:51,11.7
2018-12-01 16:16:01,11.7
2018-12-01 16:16:11,11.7
2018-12-01 16:16:21,11.7
2018-12-01 16:16:31,11.7
2018-12-01 16:16:41,11.7
2018-12-01 16:16:51,11.7
2018-12-01 16:17:01,11.7
2018-12-01 16:17:11,11.7
2018-12-01 16:17:21,11.7
2018-12-01 16:17:31,11.7
2018-12-01 16:17:41,11.7
2018-12-01 16:17:51,11.7
2018-12-01 16:18:01,11.7
2018-12-01 16:18:11,11.7
2018-12-01 16:18:21,11.7
2018-12-01 16:18:31,11.7
2018-12-01 16:18:42,11.7
2018-12-01 16:18:52,11.7
2018-12-01 16:19:02,11.7
2018-12-01 16:19:12,11.7
2018-12-01 16:19:22,11.7
2018-12-01 16:19:32,11.7
2018-12-01 16:20:21,11.6
2018-12-01 16:20:31,11.6
2018-12-01 16:23:05,11.4
2018-12-01 16:23:15,11.4
2018-12-01 16:23:25,11.4
2018-12-01 16:23:35,11.4
2018-12-01 16:23:45,11.4
2018-12-01 16:23:55,11.4
2018-12-01 16:24:05,11.4
2018-12-01 16:24:15,11.4
2018-12-01 16:24:25,11.4
2018-12-01 16:24:35,11.4
2018-12-01 16:24:45,11.4
2018-12-01 16:24:55,11.4
2018-12-01 16:25:05,11.4
2018-12-01 16:25:15,11.4
2018-12-01 16:25:25,11.4
2018-12-01 16:25:35,11.4
2018-12-01 16:25:45,11.4
2018-12-01 16:25:55,11.4
2018-12-01 16:26:05,11.7
2018-12-01 16:26:15,11.7
2018-12-01 16:26:25,11.7
2018-12-01 16:26:35,11.7
2018-12-01 16:26:45,11.7
2018-12-01 16:26:55,11.7
2018-12-01 16:27:05,11.7
2018-12-01 16:27:15,11.7
2018-12-01 16:27:25,11.7
2018-12-01 16:27:35,11.7
2018-12-01 16:27:45,11.7
2018-12-01 16:27:55,11.7
2018-12-01 16:28:05,11.7
2018-12-01 16:28:15,11.7
2018-12-01 16:28:25,11.7
2018-12-01 16:28:35,11.7
2018-12-01 16:28:45,11.7
2018-12-01 16:28:55,11.7
2018-12-01 16:29:05,11.7
2018-12-01 16:29:15,11.7
2018-12-01 16:29:25,11.7
2018-12-01 16:29:35,11.7
2018-12-01 16:29:45,11.7
2018-12-01 16:29:55,11.7
2018-12-01 16:30:05,11.7
2018-12-01 16:30:15,11.7
2018-12-01 16:30:25,11.7
2018-12-01 16:30:35,11.7
2018-12-01 16:30:45,11.7
2018-12-01 16:30:55,11.7
2018-12-01 16:31:05,11.7
2018-12-01 16:31:15,11.7
2018-12-01 16:31:25,11.7
2018-12-01 16:31:35,11.7
2018-12-01 16:31:45,11.7
2018-12-01 16:31:55,11.7
2018-12-01 16:32:05,11.7
2018-12-01 16:32:15,11.7
2018-12-01 16:32:25,11.7
2018-12-01 16:32:35,11.7
2018-12-01 16:32:45,11.7
2018-12-01 16:32:55,11.7
2018-12-01 16:33:05,11.7
2018-12-01 16:33:15,11.7
2018-12-01 16:33:25,11.7
2018-12-01 16:33:35,11.7
2018-12-01 16:33:45,11.7
2018-12-01 16:33:55,11.7
2018-12-01 16:34:05,11.7
2018-12-01 16:34:15,11.7
2018-12-01 16:34:25,11.7
2018-12-01 16:34:35,11.7
2018-12-01 16:34:45,11.7
2018-12-01 16:34:55,11.7
2018-12-01 16:35:05,11.4
2018-12-01 16:35:15,11.4
2018-12-01 16:35:25,11.4
2018-12-01 16:35:35,11.4
2018-12-01 16:35:45,11.4
2018-12-01 16:35:55,11.4
2018-12-01 16:36:05,11.4
2018-12-01 16:36:15,11.4
2018-12-01 16:36:25,11.4
2018-12-01 16:36:35,11.4
2018-12-01 16:36:45,11.4
2018-12-01 16:36:55,11.4
2018-12-01 16:37:05,11.4
2018-12-01 16:37:15,11.4
2018-12-01 16:37:25,11.4
2018-12-01 16:37:35,11.4
2018-12-01 16:37:45,11.4
2018-12-01 16:37:55,11.4
2018-12-01 16:38:05,11.4
2018-12-01 16:38:15,11.4
2018-12-01 16:38:25,11.4
2018-12-01 16:38:35,11.4
2018-12-01 16:38:45,11.4
2018-12-01 16:38:55,11.4
2018-12-01 16:39:05,11.4
2018-12-01 16:39:15,11.4
2018-12-01 16:39:25,11.4
2018-12-01 16:39:35,11.4
2018-12-01 16:39:45,11.4
2018-12-01 16:39:56,11.4
2018-12-01 16:40:06,11.4
2018-12-01 16:40:16,11.4
2018-12-01 16:40:26,11.4
2018-12-01 16:40:36,11.4
2018-12-01 16:40:46,11.4
2018-12-01 16:40:56,11.4
2018-12-01 16:41:06,11.4
2018-12-01 16:41:16,11.4
2018-12-01 16:41:26,11.4
